doc,text
1,".@AmericanAir after 50 minutes on hold, and another 30 minutes on the call yes. Going to be pushing it to get to the airport on time now"
2,.@AmericanAir can you connect me to a person without having to wait 2+ hours on hold? I still haven't been able to resolve the problem.
3,.@AmericanAir just disappointed with the Flight Booking Problems process and add‚Äôl fees to sit together on a more crowded flight. Not impressed so far :-/.
4,".@AmericanAir: the best the agent could do is put me on a flight arriving tomorrow afternoon, with a six hour layover."
5,@AmericanAir - keeping AA up in the Air! My crew chief cousin Alex Espinosa in DFW! http://t.co/0HXLNvZknP
6,@AmericanAir  Mad love http://t.co/4ojrSDWPkK NYC-
7,@AmericanAir  thanks for making the worst fly experience ever. Will never book again with your airline. Train your flight attendants better.
8,"@AmericanAir ""We'll drop off your luggage 24 hours after your flight"" is ridiculous."
9,@AmericanAir #AATeam thanks for working in very rigorous weather conditions for all
10,@AmericanAir #AmericanAirlines on approach to mex.... http://t.co/se57dmjHiW
11,@AmericanAir *does = doesn't
12,@AmericanAir ...2/2 doesn't help me.
13,"@AmericanAir @_emmaclifford No. At JFK you sort of have to guess things out. It's a small airport, so whatever."
14,"@AmericanAir @americanairlines #BQONPA flight #1641 delayed from POS-MIA, missed #2214 MIA- ATL need seat on last flight to ATL."
15,@AmericanAir @cheerUPDATES So you're saying the call center is understaffed?
16,@AmericanAir @Cowboycerrone  ratchet airway!. ......
17,@AmericanAir @dfwairport you 2 together are the best part of flying!
18,"@AmericanAir @ezemanalyst why don't you tweet canned, impersonal responses as though this is the only impatient customer you've got"
19,"@AmericanAir @GolfWithWoody Don't buy it, Woody. They're making it MUCH worse with understaffing, rudeness, and pre-rookie mistakes"
20,"@AmericanAir @praywinn between understaffing, what looks like a labor slowdown, weather, incompetence, and disregard for the customer..."
21,@AmericanAir @robinreda being stuck two days in the airport is not something pretty normal. I am positive you can find a plane to Europe
22,"@AmericanAir @sa_craig no, not helped one bit. actually ended up driving home due to extreme disorganization and lack of communication."
23,"@AmericanAir @united You're both equally terrible, and I'm going to fight until I get complete satisfaction for how we were mistreated"
24,@AmericanAir @USAirways I need to Cancelled Flight a flight I booked earlier tonight. Are you able to do it over Twitter?
25,"@AmericanAir @USAirways Yes, obviously! It just stinks that 4pm is the one option when she was supposed to fly at 7AM YESTERDAY."
26,"@AmericanAir 1491 DEN -&gt; DFW. We don't want to be ticketed on a new flight, just refunded for our Cancelled Flighted flight."
27,@AmericanAir 2hr and 20 min delayed...still waiting...you need to do something to improve... http://t.co/1m36NTPTR8
28,@AmericanAir 767 seconds from touchdown at Madrid airport in April 2013 #AvGeek http://t.co/1yWXRfn0Gr
29,@AmericanAir 901 #Miami to #Rio to participate at @RCM_Oficial representing @CisnerosMedia #yourstoryhere
30,@AmericanAir AA 2258 why have you Cancelled Flightled our flight without courtesy of notifying us or alternatives?  Very poor.
31,@AmericanAir aftr 10 hrs bng held hstg at mia bc aa refsd to get med bags. bag fnd aa then refsd to fix tkts they cnceld said $360 to fly
32,@AmericanAir anything you can do?
33,@AmericanAir arrived in lax from ord flight AA1657 NO LUGGAGE
34,@AmericanAir at some point u need to tell passengers what is going on. At Jfk waiting to get on flight it is a mess.
35,"@AmericanAir Believe me, I understand. Flight #2955. Was originally booked for Sunday. Flight was Cancelled Flighted and rescheduled for today."
36,"@AmericanAir Call me Chairman, or call me Emerald. After what you did today to me, you can call me a former customer."
37,@AmericanAir can you?
38,"@AmericanAir Cancelled Flighted flights, now I'm rerouted and have over 12 hrs of travel but you will bump paying customers for non revs. #custserv"
39,@AmericanAir Cancelled Flightled two flights from Miami to Nashville yesterday and could not get me on a flight for 3-4 days. #Southwestairwasthere
40,@AmericanAir cannot understand how you are part of oneworld all other member treat their customers fairly #tcf #oldplanes #damageluggage
41,@AmericanAir delta rerouted 6 of my bags onto aa977 MIA-CUR. How can I see if they made it onto the flight?
42,@AmericanAir did you guys get rid of the functionality on http://t.co/R1OQAVEO7I to put a reservation on hold for 24 hours? i don't see it
43,"@AmericanAir even followed me, but I still can't get them to answer their phones. Worst. Customer ""service"". Ever. #customerservice #fail"
44,"@AmericanAir every time I try to call, it tells me to try again Late Flightr and just hangs up."
45,@AmericanAir face palm!!! Cannot believe the last 24 hrs 1.5 hrs of sleep and No and no and what you can't do......
46,@AmericanAir Filed a PIR with an agent at Indianapolis airport. Unable to pull up information online on your site. Have DMed details.
47,"@AmericanAir Finally got a call from AA, but it was an automated voice that hung up on me! I called back &amp; it says it'll be 2 more hours."
48,"@AmericanAir first the pilot, then the catering..."
49,@AmericanAir flight 3056 in D/FW now delayed 2 hours waiting sitting in plane for baggage to be loaded - why?
50,@AmericanAir Flight attendant #YeseniaHernandez provided excellent service among peculiar conditions throughout the day ‚úà :-)
51,@AmericanAir Flight Cancelled Flighted and rebooked but agent made a mistake and booked wrong date! Been trying to get through via phone for hours!!
52,"@AmericanAir FYI twice now I've tried the ""we'll call you when someone is free"" thing. Both times it called, I picked up, then it hung up."
53,"@americanair Greatest Newark Gate Agents ever: David Deane, Norma Sedholm and Luz Calderon just made me feel like a king. #AmericanAirlines"
54,@AmericanAir Here is the photo ;) http://t.co/VMqUURZUpW
55,@AmericanAir hi do you have a phone number to ring from uk regarding claim for our Late Flight flight departure claim amount agreed just had no
56,"@americanair hi, you Cancelled Flightled our flight back to the US and now won't take our call. What are we supposed to do?"
57,@AmericanAir how can I get you guys to respond to my tweets and DM??? Really sad feeling to be ignored.
58,@AmericanAir how do I see your report team?
59,@AmericanAir how nice it would be if you had helpful flight attendants instead of the rude nasty ones you employ. #WhyAreYouYelling
60,@AmericanAir i appreciate your apology. Sincerely. Thank you. That's really all I ever wanted to begin with.
61,@AmericanAir I Cancelled Flightled my ticket and is taking two months ++ to refund and still waiting!
62,@AmericanAir I don't think you should help him at all based on his behavior. The voucher and cot seem like enough lol üòÉ
63,@AmericanAir I had a 6am flight I can get no rest because I have to wait another 2 hours to receive an automated phone call. #neveragain
64,@AmericanAir I have looked and I was told it was in Guatemala last night. No record of anywhere today. I need my clothing for work tomorrow.
65,@AmericanAir I have never on all my trips on any airline ever nat'l or int'l ever experienced anything like this!
66,@AmericanAir I have no transportation to and going to some other city and getting to NY sometime on Wed?! I'm sorry that's not gonna cut
67,@AmericanAir I have to miss a whole days worth of work tomorrow but I'm suree you guys don't care
68,@AmericanAir I hope you like the photo :) http://t.co/p7fSLuxEGW
69,@AmericanAir I know.  After an hour I got a live person.  It messes up our arrival and car plans at two airports and is costing us more.
70,"@AmericanAir I love the service and cheap upgrades American Provides! One of the best airlines ever! good food, good seats, amazing thanks!"
71,"@AmericanAir I need to complain to AA, but the email form field doesn't allow enough characters for my complaint. Have a real email address?"
72,"@AmericanAir i ordered it as i always do. But on a 9hour flight delayed for 4 hours, it was worse than ever before when you forgot my meal."
73,"@AmericanAir I slept in the miami airport due to mechanical issues and was given 10,000 bonus miles to try and make it right. #slapintheface"
74,"@AmericanAir I sure hope you all can fix @USAirways. Good luck, their service sucks. #nexttimeiwillflysouthwest"
75,@AmericanAir I think 2 weeks of waiting is more than enough time for you to contact me.  This is why you lose customers
76,@AmericanAir I wait 2+ hrs for CS to call me back re why  flt is cxld/protection &amp; they hang up the minute I answer on 1st ring?
77,"@AmericanAir i want to change my flight for next week, they will still charge me. Waiting for fligt status"
78,@AmericanAir I was told I had a 20minute wait time after waiting hours. And an hour has gone by. This is ridiculous
79,@AmericanAir I was worried when my bag went SAN to DCA 24 hours before me. But our reunion was an organized  breeze! http://t.co/uOARyQ98PU
80,"@AmericanAir I will and I will share with many, many others. #filmcrew #media @WSJ @nytimes @latimes @chicagotribune"
81,"@AmericanAir if my flight gets Cancelled Flightled i should be able to reschedule to any date i want, not the next day or 2 days after"
82,"@AmericanAir If SNA curfew causes diversion, do you provide transportation from LAX? On AA1237 now, pilot not sure if we have time."
83,@AmericanAir I'll DM you.
84,"@AmericanAir I'm flying with your competitor today, starts with an U and ends with D. I will never make that mistake again. #americanforlife"
85,@AmericanAir I'm on #1058 tmrw from CUN DFW. Final dest'n is ORD. Seeing freezing rain in DFW all morning. Should I change my connection?
86,"@AmericanAir I'm trying my hardest to not get frustrated, but I am getting no response on email or by phone. AA owes me $500. How do I claim"
87,@AmericanAir instead they yelled at him and told him to call a number that will not pick up due to call volume
88,@AmericanAir interested in possibly changing my flight to another day...need to see if there are any fees but your number is busy
89,@AmericanAir Is there a way I can get a record of all the flights I've taken with you?
90,@AmericanAir it's always nice coming home but I wish you'd fly LAX-MAD and keep me away from Iberia üòú‚úàÔ∏è #GoingForGreat
91,"@AmericanAir just look at RDU airport. please think about the safety of your passengers. we cant get to RDU safely!

http://t.co/wDyEkVB1Ze"
92,"@AmericanAir just went to check into flight 24 hr advance, again husband and I are seated separately for 6hr flight! why does this happen??"
93,@americanair line of 100+ people to rebook at MIA now. Virtual hold on rebook line just hangs up during call back. http://t.co/Upaz1eF3Dl
94,@AmericanAir love how you can't get an agent on the phone and the automated system hangs up on you
95,@AmericanAir me because it might not be so urgent for you but it really is for me. (5)
96,@AmericanAir missing a full days of work thanks guys
97,"@AmericanAir my flight got Cancelled Flightled from GRK to DFW, then to LEX for tomorrow and I need it rebooked."
98,@AmericanAir my Mistake multibillion dollar company
99,@AmericanAir my mom‚Äôs flight tomorrow Cancelled Flighted w/ no notice. Phone system said callback in 2 hours and it‚Äôs been 4. I need to go to bed!
100,@AmericanAir Nicest people ever flight to Chicago.Thanks David Deane &amp; Norma Sedholm for making me feel comfortable ‚úàÔ∏è‚úàÔ∏è‚úàÔ∏è‚úàÔ∏è‚úàÔ∏è‚úàÔ∏è‚úàÔ∏è
101,@AmericanAir no email no phone call no nothing. You've screwed with my flight and my family/Friends flights. You Cancelled Flighted reservations for
102,@AmericanAir no not yet. Waiting to be connected to an agent
103,@AmericanAir no one met flight 1081 to LAX to tell passengers where to go or what flights they were rebooked on #badmgmt #AmericanAirlines
104,@AmericanAir no private msg me and will provide details...u really need customer svc training for your staff
105,@AmericanAir No worries they called back 4 hrs Late Flightr while I was asleep and took an additional $200 fee. So by AA standards everything's gr8
106,@AmericanAir not anymore.
107,@AmericanAir not in any way that I am happy with or find acceptable.   If I could speak to a human maybe that would happen
108,@AmericanAir now we are all stuck on the plane after landing because crew unable to figure it out
109,"@AmericanAir Oh,i already have turned  itover to them, but apparently losing someones bag on their honeymoon doesn't require accountability"
110,@AmericanAir ok thank you!
111,@AmericanAir ok thank you. What if I can't get a hold of someone to get a new flight?
112,"@AmericanAir Ok. We will probably Cancelled Flight our flights then, take a refund, and get home another way. Wednesday won't work for us."
113,"@AmericanAir on plane for JFK-&gt;SFO, been sitting here for 1.5 hours waiting for push crew, how is this acceptable?"
114,@AmericanAir or at the very least an explanation on why no one told me my flight was Cancelled Flightled!
115,@AmericanAir our flight was Cancelled Flightled and rebooked to United. You didn't give them accurate ticket number now we can't check in. #annoyed
116,@AmericanAir over 70 days  no contact from a human or apology letter. @AmericanAir is #yucki. Read all about it soon http://t.co/9R9OmzQAVI
117,@AmericanAir Phone just disconnects if you stay on the line. Need to checkout of hotel in 2 hrs &amp; have no place to go. Can't keep calling.
118,@AmericanAir please do something about boarding at DCA 35X. Many delays + buses to planes on tarmac despite empty gates. Disorganized mess.
119,@AmericanAir pretty lame response to a two paged single spaced letter http://t.co/aCebo6ELPa
120,@AmericanAir really? Not even worthy of a response. This is beginning of a social media alert to the world that AA and @USAirways are useles
121,@AmericanAir right so I missed my connection / had a three hour Kay over / then you lost my bag.
122,"@AmericanAir said that AA does not provide in-flight wifi on the routes to China based on some federal laws, but United does, why is that?"
123,"@AmericanAir seems like queue times are very high, in Q waiting for an agent 4 almost  an hour.Flight got Cancelled Flightled. http://t.co/sDm2wvR3zr"
124,@AmericanAir sent
125,@AmericanAir SFO. Natt (the agent who helped me) really did an awesome job.
126,@AmericanAir Shout-out to all the ground crews working in the cold! Thanks for what y'all do. (&amp; social media team for customer service)
127,"@AmericanAir sitting on plane in Columbus, supposed to leave an hour ago. Now the mechanic can't find a tool to service the shock absorber."
128,"@AmericanAir So break whatever you want, take no responsibility..Too bad for customer? #media #filmcrew @chicagotribune @WSJ #nytimes @CNN"
129,@AmericanAir so great AA1103 sitting for an hour first technical problems now what?
130,"@AmericanAir Telling frustrated customers ""we are super busy, please call back Late Flightr kthxbai"" and then hanging up is not the best practice."
131,@AmericanAir terror story my luggage was delayed both ways on an international flight for over 5 days total #angrycustomer
132,"@AmericanAir Thank you for the worst experience ever on an airline, from me to you, I hope your embarrassed as an airline. Pathetic"
133,@AmericanAir Thank you so much.
134,@AmericanAir thank you!
135,@AmericanAir thanks
136,@AmericanAir thanks
137,@AmericanAir thanks for getting back to me. But I will find other airlines in the future.
138,@AmericanAir thanks for the show! üëç
139,"@AmericanAir Thanks gang! Mind if I ask, do you handle all of your Social Media in house?"
140,@AmericanAir Thanks! Great stuff! I can only imagine how jammed everything is.
141,@AmericanAir Thanks! He is.
142,"@AmericanAir Thanks, both airlines said that it is located at AA Detroit. Also was informed that it flew with AA, which shouldn't matter."
143,@AmericanAir that doesn't really answer my question. Maybe if I provide more details you can give me clarification...
144,"@AmericanAir That's good, I'd expect that but I can't get through on the phone to make any changes. Can I change it online?"
145,"@AmericanAir That's ok...You may keep my $25 and lose my bag with no info, but you no longer have my trust. Bad way to handle this."
146,"@AmericanAir that's the one. My original arrival time was 10:14am, after all said and done I may be there by 9:19pm central. Not impressed."
147,@AmericanAir the reservation system won't even let us leave our phone #. I have no way to fix that you rebooked me on wrong day!
148,@AmericanAir The wine served in USAirways flights are watered down somehow right out of the bottles.
149,@AmericanAir they will just say dumb things to beat around the bush ! If you're flight Cancelled Flightled be prepared for no compassion from them
150,"@AmericanAir third you lost her bag &amp; after 50 mins of being on hold you told her she would ""eventually get her bag"" completely unacceptable"
151,@AmericanAir try this. DPDFPP
152,@AmericanAir um no just hanging out what‚Äôs new w you?
153,@AmericanAir was told at 7pm my bags would 1000% be at my house by 9pm. Well they're not and I continue to be lied to.
154,"@AmericanAir we are waiting flight 919 !
We are at JFK for about 24h !! #NewYork #919 #viracopos #AmericanAirlines http://t.co/3FheS0lPMU"
155,@AmericanAir we did check before going to de airport and everything was fine. #fail
156,@AmericanAir weather is unavoidable. Understaffing is controllable
157,@AmericanAir we've already made other arrangements ourselves.
158,@AmericanAir What happens when you combine Top Chef &amp; the beauty of San Miguel de Allende. My Late Flightst food blog.  http://t.co/7t1rDRCRe6
159,@AmericanAir what name and department does it come under? Thanks
160,@AmericanAir which one.?i have been booked on 6 different ones in the past 2 days
161,@AmericanAir why arent callings going thru it doesnt have me wait or anything and automated stuff is messed up
162,"@AmericanAir why do you continually play the ""according to federal regulations"" every 58 seconds. I could see if you had quicker service..."
163,@AmericanAir work on the comm skills w hate agents at PHX. Said I was confirmed on flight out of DFW &amp; got here and that was only standby.
164,@AmericanAir would have been nice if the agents were at the very least courteous since the delay was AA's fault
165,"@AmericanAir would like to talk to someone, please follow."
166,@AmericanAir yes I did but no response.
167,@AmericanAir yes....twice...for two different flights and occasions
168,@AmericanAir you all should really be ashamed. The entire business class cabin is empty and almost all of first class...
169,"@AmericanAir You are jumping the gun and Cancelled Flighting flights that could've made it before the snow. Now, more Cancelled Flightlations. It's ridiculous."
170,"@AmericanAir you Cancelled Flightled my flight due to ""weather"" when others are flying out just fine.  No compensation, no resolution.  Incompetent."
171,@AmericanAir you have the worst reps at Jacksonville airport. So rude and totally not helpful at all!
172,@AmericanAir you have to run the engine to troubleshoot an issue before boarding the plane!?! How about another plane? #aa2227 #miatoiah
173,@AmericanAir you suck worst airline ever I will never be flying you again I have been stuck here for 13 hours no one is helping #fuckoff
174,@AmericanAir Your people on the phone can't see those? And to have it be over $800 difference. That's a poor process then...
175,"@AmericanAir You've misunderstood. @USAirways WOULD NOT do a same day flight change for me. The gate agent said, ""NO."""
176,"@AmericanAir
 Your response could have made all the difference. It could have made the situation better. NO TRUST...GET LOST like my bag."
177,@SouthwestAir    Promotion e-mail today (Vegas and Jamaica) has a defective link for the Vegas sweepstakes...it times out with error.
178,@SouthwestAir   Yes. Dale at Baggage office was wonderful. But not everyone is on the same page down there... We had a 6 hour wait!
179,@SouthwestAir  3 flights yesterday; no treats but nuts and pretzels. Also no origami in the magazine. New policies? #OldPoliciesWayBetter
180,@SouthwestAir  after 38 minutes on the phone I'm given another number to call now still on hold with them. http://t.co/1ZT2kEe8up
181,@SouthwestAir  on hold with customer service; you may be quicker.  I rebooked trip for a lower fare.  Where did the difference in $ go?
182,@SouthwestAir - really?  All other carriers are staffed and you've got a triple looped one and no employees in sight in OKC
183,@SouthwestAir  thanks for adding passbook ability! Hopefully we can do group passbook tickets in the future somehow.
184,"@SouthwestAir - total win!! Happy 7th bday on intercom, chocoLate Flight kisses, and a chance to hand out snacks.Thank you. http://t.co/NKloZcNtto"
185,"@SouthwestAir  Tried to DM you, it won't let me as it says you are not following me."
186,@SouthwestAir  what is the status on flight#122 STL-AUS?
187,@SouthwestAir  Your Terry is our hero! Got my husband back thru security to retrieve cellphone left on plane in Austin. Terry #85832 U Rock!
188,"@SouthwestAir 

Just realized I had the wrong departure date. Thanks for making changes easy!"
189,"@SouthwestAir ""...you in the 10 hrs we were hanging out there? Oh, no I understand things get crazy n sometimes 10 hours isn't long enough."""
190,"@SouthwestAir , please explain to me why every other flight to Dallas is going out today except the 6:35 pm?????"
191,@SouthwestAir @FortuneMagazine I always tell everyone to fly Southwest! Congratulations!!!
192,@SouthwestAir @Imaginedragons please help me and my best friend get tickets to #DestinationDragons we have so much to thank them for....
193,@SouthwestAir @JulGood1 she was traveling with me the one that got miscommunicated with
194,@SouthwestAir @livvyports16 and I became best friends Bcuz of @Imaginedragons is there any other way?
195,@SouthwestAir @PHLAirport Will Flight 2155 that arrives at E11 be a penguin plane?
196,@SouthwestAir @thirty_lives birthday is the 24th and he's not seeing Imagine Dragons at #DestinationDragons ?
197,@SouthwestAir @TifffyHuang I met my twitter friend waiting outside the Troubadour #DestinationDragons http://t.co/lf69waf5ad
198,@SouthwestAir 2 bags fly free!  So what's with all the carry-on's? #packingayak @BrianReganComic
199,@SouthwestAir 2nd leg of trip Cancelled Flightled. Been on hold 1.5 hrs. Will we lose our $ if we don't speak to someone before first flight leaves?
200,@SouthwestAir 3 hours and 80 degree difference. Yes please!!  MHT TO MCO @sadie4406 http://t.co/MRAW3qDw4D
201,@SouthwestAir Adding RR number to a @Marriott stay is too hard. Won't take RR number at checkin/out and Marriott phone CS not helpful.
202,"@SouthwestAir also, they said they couldn't even book the flight. They were having to put me on hold &amp; have someone else do it???"
203,@SouthwestAir amazing service by your SW stewardesses! From den to Cun and from CUN to Atl and atl to lax. Thank u!
204,@SouthwestAir any deals to orlando in April/may??
205,@SouthwestAir Any plans to implement a call-back system on your reFlight Booking Problems line? Been on hold for over an hour now...
206,@SouthwestAir Any way that I can get a receipt for a Cancelled Flightled portion of a roundtrip flight? Used the flight voucher just need receipt.
207,"@SouthwestAir app error - says click here, can't click not hyperlinked http://t.co/IH5w9nfKz2"
208,"@SouthwestAir are bicycles that the 62"", 50lbs criteria free or bikes are automatically $75/each way? The FAQ page isn't very clear to me."
209,@SouthwestAir are passengers automatically rebooked on other flights if original is Cancelled Flighted for weather etc?
210,@SouthwestAir Bad enough that there is no seat assigned he's  seating at an exit seat and a male flight attendant removes him from there
211,@SouthwestAir because your gate attendant let someone board whose boarding pass kept reading invalid. This messed up the passenger log.
212,@SouthwestAir been on hold for 1.5 hrs. What's up?
213,"@SouthwestAir been with my GF for 2.5yrs, she's from SF &amp; I live in Tulsa. SWA always takes me there to see my love! #SouthwestLuvSweeps"
214,@SouthwestAir Being old I will miss my connection and can sleep at OAK or get a hotel on my own dime rubs me the wrong way. I wasn‚Äôt Late Flight.
215,@SouthwestAir Boooo!!!!!!   Don't be like the other airlines!!  http://t.co/WHAGPknnLF
216,"@SouthwestAir can tweet through the weekend/ bad weather, but closes down customer relations center to process refunds for Cancelled Flighted flights."
217,@SouthwestAir Cancelled Flightled flights and asshole phone support. #worstairline
218,"@southwestair Cancelled Flightling flights due to winter weather is totally understandable, but it would sure be nice if you would answer your phones."
219,"@SouthwestAir can't speak with customer service for 2hours, still on hold! Do you guys work?#nogood"
220,@SouthwestAir Congratulations!
221,"@SouthwestAir Denver to Phoenix, I think we're finally getting ready to take off."
222,@SouthwestAir Didn't see travel had to be compete for unused funds by expiration date hidden in the fine print. Never saw that before.
223,"@SouthwestAir disappointed with customer service right now, my flight was only one Cancelled Flightled at my airport &amp; now I'm losing 2 days from trip"
224,@SouthwestAir do we get to pick which @Imaginedragons show? #DestinationDragons
225,@SouthwestAir done
226,@SouthwestAir Engadget Theverge Wired reddit
227,@SouthwestAir Fastest response all day. Hour on the phone: never got off hold. Hour in line: never got to the Flight Booking Problems desk.
228,@SouthwestAir finally got through. Thanks!
229,@SouthwestAir Flight 4315 (N231WN) taxis at @FlyTPA prior to flight to @Fly_Nashville http://t.co/IDRa8keNoH
230,@SouthwestAir Flight Booking Problems all my Late Flight summer travel! Did the AUS-CUN direct flight disappear?
231,@SouthwestAir for your loyal A-list customers it should be easier to get help and bring resolution to issues with your rewards program.
232,@SouthwestAir give me tickets to the atlanta show and I'll roadtrip from Canada!! Deal? üòÜ
233,@SouthwestAir good thing we noticed because she had re-routed 7 total passengers on an impossible triple connection as well
234,@SouthwestAir Great job with the Passbook integration! It‚Äôll really help streamline the commute to San Fran! üòä‚òïüì≤‚úà
235,@SouthwestAir had to rebook through Atlanta &amp; now drive to #Nashville. Had to pay ridiculous price difference. Bad weather good for business
236,"@SouthwestAir haha, thanks for the explanation"
237,"@SouthwestAir has grounded 2 flights b/c of equipment problems &amp; been rude to my wife, traveling alone w/our 2 young kids.  never again."
238,@SouthwestAir has some of the best airfare prices! Gotta LUV them :)
239,@SouthwestAir has the WORST customer service of any airline I've ever flown.
240,@SouthwestAir have been doing that for hours already
241,@SouthwestAir hello. my flight is Cancelled Flightled for #destinationdragons and no one at your desk at KCI knows what the fuck is happening!!!!!!!!
242,@SouthwestAir here we go again. Delayed in Chicago why offer the 630 flight if you never intend to fly it
243,@SouthwestAir How can you get your TSA traveler ID added to your boarding pass? Why would it not be included as TSA precheck? Flying tomorro
244,@SouthwestAir how do I get a companion pass
245,@SouthwestAir how long does it take for points from RR Shopping to post to my account? Got email saying I've earned points but don't see em
246,@SouthwestAir How? It is not possible to call SWA on the phone. You put me on hold for an hour and then cut me off.
247,"@SouthwestAir I ""heart"" Southwest but those commercials aimed to satisfy a nano-smattering of travelers to few destinations."
248,@SouthwestAir I also find it ridiculous that I've been tweeting to you since 3:50 AM EST and have still received no response. 9 hours?
249,@SouthwestAir I cannot DM you as you do not follow me.
250,"@SouthwestAir I had to travel to Savannah, GA, once again, on an airline I don't ""Luv"". When r u going to fly me to Savannah? Pleeeease!!!!"
251,@SouthwestAir I have a question re: your ATL companion pass offer. I know I need 3 revenue flight roundtrips. What's a revenue flight? thnx
252,@SouthwestAir i hope i can take my selfie stick on the plane today! #goingtovegas
253,"@SouthwestAir i live in the southwest, Imagine Dragons is my favorite band, and i met my 2bestfriends thanks to them. it would be amazing +"
254,@SouthwestAir I never got my flight confirmation. I've been on hold for an hour and I can't get info online. What am I to do?
255,"@SouthwestAir I thank you for the reply but too complicated to DM, really would like to talk to a cust rep. What is going on there?"
256,"@SouthwestAir I understand weather is not your fault, but as a frequent flyer I expected better customer service. I'll be trying @Delta"
257,"@SouthwestAir I understand. But it's consistent, and been consistent for years. It's known around the country."
258,"@SouthwestAir I use to #LUV swa but after an hour and counting on hold, for a flight they Cancelled Flighted on me? #noluv"
259,@SouthwestAir I would appreciate that.  Thank you.
260,@SouthwestAir I would be eternally grateful for tickets to the Vegas show ( Õ°¬∞ Õú ñ Õ°¬∞) God bless
261,@SouthwestAir if I am enrolled in the ATL companion pass offer and booked 3 flights already before May 17 when can I start using the pass?
262,@SouthwestAir if you are giving tix to #DestinationDragons show would appreciate one or two for LAüòÑFlying from PHL to LAX on Friday
263,@SouthwestAir I'm running out of money to keep paying for hotel rooms &amp; food in NYC. You don't help people with $ spent
264,@SouthwestAir I'm trying to change a family vacation due to Measles outbreak and haven't been able to get anyone on the phone. Any help?
265,@SouthwestAir inflight entertainment.  Tonight a Willie Nelson impersonator sang for the passengers #peanutsandtoons http://t.co/kCDdOD7uFF
266,@SouthwestAir is there any chance I could get tickets to the #DestinationDragons show in Vegas? Ive been a huge fan for years! Pretty please
267,"@SouthwestAir Is there any way to add a Known Traveler Number to an existing reservation online?  If not, why not?"
268,@SouthwestAir Is there anyway to pay more to get priority boarding A 1-15?
269,@SouthwestAir just do it that easy
270,@SouthwestAir just got a call apologizing personally for the long waits last week trying to rebook flights. Class act. I appreciate that!
271,@SouthwestAir Landed in Nashville! Thanks for taking care of us! http://t.co/RYXbPLgMnK
272,@SouthwestAir my first flight ever and flight #4251 is already having technical issues. Faaaannntastic.üò≠
273,@SouthwestAir NOR @SpiritAirlines fly to Toronto?!?!? You're killing me smalls.......
274,"@SouthwestAir not terribly inspired to call ""customer service"" in the future now."
275,@SouthwestAir nothing you can do to help us restore some barely-expired #RapidRewards points?
276,"@SouthwestAir now accepting #Apple's Passbook app for boarding passes. App works on #iPhone &amp; #iPodTouch, not #iPad. http://t.co/XxSaomBdGS"
277,@SouthwestAir now I'm so lucky for my forced good deed I get to be smashed between 2 huge ppl in the exit row. Thank God I'm tiny. üòÇüíÅ
278,@SouthwestAir paid for my own $200 rental car just to not go through this for the 3rd day  :(
279,@SouthwestAir please hire an efficiency consultant to manage your PHX baggage checkin. Way to many open kiosks with 100's of ppl waiting
280,@SouthwestAir please refund my ticket. What a terrible experience. #southwestfail
281,@SouthwestAir Pres/CEO Gary Kelly at #TheRoFo addressing 2000 of his BWI based employees. @cbsbaltimore http://t.co/OI32uq2tTZ
282,@SouthwestAir quick question: let's say I book a flight (I did so) and you then drop the price. Do I get the cheaper rate?
283,"@SouthwestAir res chg online/app no work, still on hold, faster for hubby to DRIVE to airport to make change @ counter #fail"
284,"@SouthwestAir right but the point was that my kids don't fly often, but I do. I bought four round trip tickets from DtW to PHX so I'm...."
285,"@SouthwestAir Secondly, we did not begin boarding on time despite our aircraft being present and deplaned. Thus we left over 30 min Late Flight"
286,@SouthwestAir sent
287,@SouthwestAir sent
288,@SouthwestAir snow forecasted for Raleigh NC tomorrow night. Need to know if there's a plan to reschedule flights into RDU Wednesday night
289,@SouthwestAir so the fares I see for flights in fall are the ABSOULUTELY LOWEST they will be?
290,@SouthwestAir So today I call into Customer Service &amp; speak with Wendell Holton in the Dallas office &amp; I am told there is nothing he can do
291,@SouthwestAir still planing on flights into Dal? We are trying to fly in tomorrow from lax
292,@SouthwestAir Thank you - hung up after 1hr 7min on hold. Would you like me to DM you contact info?
293,@SouthwestAir thank you :)
294,@SouthwestAir thank you!!
295,"@SouthwestAir thank you, someone finally answered and was able to change my flight that was Cancelled Flighted bc of ice. Thank you for response"
296,@SouthwestAir Thanks for sending my kid to the #DestinationDragons concert Vegas @Imaginedragons So awesome! http://t.co/G9b6e0a2sZ
297,"@SouthwestAir thanks for the b day concert I watched them all (and noticed the fist bump/high five at the end of the ""rock"" version)"
298,@SouthwestAir thanks for the follow up. So glad to get my bag back.
299,"@SouthwestAir thanks for your attention, I've been flying southwest for 3 years and haven't had this issue in the past."
300,@SouthwestAir Thanks I just sent a DM with this info.
301,@SouthwestAir Thanks to your team for dealing with Flight 1700 to Houston.
302,"@SouthwestAir thanks, already subscribe and have a RR Account. Had received a promo code last month but has since expired. Any new offers?"
303,@SouthwestAir Thanks. 436. Only a minor delay so not a big deal. :)Appreciate the concern though. Boarding now. You do have amazing service!
304,@SouthwestAir the new logo is going to look amazing on the airplanes
305,@SouthwestAir this is not a fair set up. I payed for a full seat. I should get access to a full seat. http://t.co/SbA0ARicyq
306,@SouthwestAir this is ridiculous. It's been 2 hours on hold to rebook Cancelled Flightled flight.
307,@SouthwestAir This is unbelievable... Thank you so much! #DestinationDragons
308,"@SouthwestAir too bad I'm getting this memo: ""Your reservation contains modifications that prevent you from changing it online."" #FUSTURATED"
309,@SouthwestAir too Late Flight now
310,@SouthwestAir trying to get anyone on phone. Flt Cancelled Flighted. Please get me to Denver.
311,"@SouthwestAir -U dont have Atlanta to San fransisco in 99$ in the present sale, like u had in the last sale?Im looking for 2 return tickets"
312,"@SouthwestAir unveils 4 new routes, including  2 from #Ohio http://t.co/4uRzvBPJKO via @usatoday"
313,@SouthwestAir want go from New Orleans houston see my dad at md anderson can you help me out
314,@SouthwestAir way to fuck up and lose @c_istudios bags. My husband has no warm clothes and no equipment. #youdidit #notcool
315,@SouthwestAir When does the new schedule open that takes us past 10/31?
316,@SouthwestAir when will the winners of #DestinationDragons be announced?
317,@SouthwestAir when will you have flights for October 2015 available?
318,"@SouthwestAir where are our bags?
We have a tv show to film!!"
319,@SouthwestAir where is mines?
320,"@SouthwestAir Why can we no longer change trips with a companion online? Been doing it for years, now get message can't be done online?"
321,@SouthwestAir Why doesn't mean TSA PreCheck show up on my mobile boarding pass? My KTN is linked to my account.
322,@SouthwestAir why was Southwest only airline to Cancelled Flight all flights from Charleston? Was 7:50pm flight Cancelled Flightation really weather reLate Flightd?
323,@SouthwestAir would be cool if the best airlines company hooked me up with @Imaginedragons tickets for Vegas ;)
324,@SouthwestAir yeah bruh its bool y'all niggaz just need to hire some more workers or something cause next time imma be forced ta disrespect.
325,"@SouthwestAir Yes - with extra $77. I wonder what are you going yo loose, if there is room."
326,@SouthwestAir Yes but they couldn't explain the 2 hour and 45 minute hold time.
327,@SouthwestAir you guys are so amazing for sending people to meet Imagine Dragons #DestinationDragons üòã
328,@SouthwestAir you guys there? Are we on hour 2 of our phone hold at 3am bc of volume or short staffing?
329,"@SouthwestAir You rerouted my bf's flight and he's diabetic with little insulin; even though we tried to change it, the agent wouldn't do it"
330,@SouthwestAir your phone service sucks
331,@SouthwestAir your welcome. It was the thoughts of nearly the entire plane.
332,"@SouthwestAir, thanks for being so good to us #military folk. It's cold in #StLouis but I sure enjoyed my flight. http://t.co/RcdH183Q1J"
333,@SouthwestAir.   50th Anniversary on April 10th. Still. Sweethearts.  Companions.  Lifetime.  Sons.  Families. Love.
